,count
Vitamin D,498
Magnesium,450
Omega-3,241
Calcium,202
Creatine,174
Black Cohosh,138
Vitamin C,138
Collagen,132
Ashwagandha,131
Vitamin D3,122
Hrt,103
Vitamin E,102
Vitamin K2,98
Vitamin B12,84
Vitamin B6,77
Zinc,76
Omega-3 Fatty Acids,75
Progesterone,74
Vitamin K,73
Hormone Replacement Therapy,70
Magnesium Glycinate,70
Estrogen,66
Iron,65
Probiotics,62
Turmeric,57
Testosterone,53
Protein Powder,51
Probiotic,48
L-Theanine,47
Shatavari,45
B Vitamins,44
Multivitamin,44
Hormone Therapy,41
Fiber,40
Vaginal Estrogen,39
Vitamins,39
Red Clover,38
Omega 3,37
Perimeno Health,36
Evening Primrose Oil,35
Melatonin,35
B12,33
Nmn,33
Meno-Chill,33
Estradiol,32
Omega-3S,31
Vitamin D Supplement,31
Fish Oil,28
Berberine,28
Fiber Supplement,28
Protein,27
Magnesium L-Threonate,25
Coenzyme Q10,25
Maca,24
Biotin,24
Supplements,23
Vitamin A,23
Maca Root,23
Myo-Inositol,23
Creatine Monohydrate,22
Antidepressants,21
Sage,21
K2,21
Menopause Supplements,21
Vitamin D3 + K2,21
Vitamin B Complex,20
Inositol,20
Dong Quai,19
B Complex,19
Hyaluronic Acid,19
Soy Isoflavones,19
Phytoestrogens,18
Chasteberry,18
Estrogen Patch,18
Dhea,18
Vitamin B,18
Black Girl Vitamins Meno-Chill,18
Hormone Harmony,17
Lion'S Mane,17
Electrolytes,17
Coq10,16
Estradiol Patch,16
Menopause Support,15
Selenium,15
Magnesium Citrate,15
Fiber Gdx,15
Collagen Peptides,15
Black Girl Vitamins,15
Rhodiola,14
Resveratrol,14
Omega-3 Fish Oil,14
Pepcid,14
Snap Perimeno Health,14
Amberen,13
Dim,13
Ssris,13
Minerals,13
Magnesium Threonate,13
Superbalance,13
Ever Balance,13
Soy,12
Menopausal Hormone Therapy,12
Vitex,12
B6,12
Multivitamins,12
Adaptogens,12
Folate,12
Pregnenolone,12
Peptides,12
Ginseng,11
Saffron,11
Chromium,11
Menopause Vitamin Capsules,11
Hormone Replacement Therapy (Hrt),11
Menochill,11
Milk Thistle,11
Digestive Enzymes,11
Quercetin,11
Whey Protein,11
Wild Yam Cream,10
Evening Primrose,10
Flaxseed,10
Menopause Supplement,10
Magnesium Complex,10
Earthful Multivitamin Women 40+,10
Zyrtec,10
Collagen Supplement,9
Glycine,9
Bioidentical Hormones,9
Magnesium Malate,9
Ginger,9
Nutrafol Women'S Balance,9
Astaxanthin,9
Spironolactone,9
Wild Yam,9
Gut Harmony,9
Slippery Elm,9
L-Glutamine,9
Birth Control Pills,8
Taurine,8
Folic Acid,8
Gabapentin,8
Herbs,8
Meno,8
Methylated B Vitamins,8
Protein Supplement,8
Turmeric Supplement,8
B-Complex,8
Curcumin,8
Pills,8
Komi Wellness Hormone Harmony,8
Sleep Supplement,8
Bioidentical Progesterone,8
Amberen Complete Menopause Relief,8
Nello Superbalance,8
Collagen Tablets,8
Calcium & Magnesium Tablets,8
Happy Juice,8
Runica 4In1,8
Prebiotic,7
Moringa,7
Vitamin,7
Minoxidil,7
Estrovera,7
Glutathione,7
Saffron Extract,7
Primal Queen,7
Beam Glow,7
Flonase,7
Krill Oil Softgels,7
Cranberry & Probiotic Tablets,7
Multivitamin Tablets,7
St. John'S Wort,6
Meno Active,6
Progesterone Cream,6
Maca Powder,6
Gel,6
Dim (Diindolylmethane),6
Gaba,6
Progestin,6
Meno Chill,6
Micronized Progesterone,6
Supplement,6
Aloe Vera,6
Magnesium Bisglycinate,6
Verisol Collagen,6
Omega‑3,6
Estroven,6
Chia Seeds,6
Estriol,6
Reishi,6
Black Girl Vitamins Menochill,6
Calcium D-Glucarate,6
Hops,6
Methylcobalamin,6
Collagen Therapy,6
Pomegranate,6
Phosphatidylserine,6
Glp-1,6
Hair,6
Stress Harmony,6
Dao Enzymes,6
Allegra,6
Sod,6
Pause Sleep,6
Vibrancy Blend,6
Turmeric Curcumin Softgels,6
Snap Supplements Perimeno Health,6
Vitamin B5,5
Motherwort,5
Antioxidants,5
Lutein,5
Rosemary Oil,5
Key Collagen,5
Vioza,5
Tryptophan,5
Antidepressant,5
Medications,5
Gummies,5
Omega-3 Vitamin D And Vitamin K Combo,5
Vitamin D + K2,5
Oral Micronized Progesterone,5
Isoflavones,5
Supplementation,5
Perimenopause Multi-Nutrient Support,5
Prometrium,5
Collagen Product (Verisol),5
Olly Mellow Menopause,5
Natural Supplements,5
Omega-3 (Fish Oil),5
Green Tea Extract,5
Valerian,5
Saw Palmetto,5
The Pause Life Fiber,5
Vitamin K Supplement,5
Menofix,5
Topical Vaginal Estrogen,5
Hormone Balance,5
Meno Menopause Vitamin Capsules,5
Hrt (Hormone Replacement Therapy),5
Patches,5
Gels,5
Sleep Harmony,5
Mct Oil,5
Iodine,5
Vitamin D3 With K2,5
Testosterone Therapy,5
Midi Supplements,5
Viagra,5
Marshmallow Root,5
Claritin,5
Yuzucare Menopause Support,5
Earthful Women Multivitamin 40+,5
Nad+,5
Vitamin D3+K2,5
Apple Cider Vinegar,5
Bcaas,5
Vaginal Dhea,5
Alkaline Water,5
Krill Oil,5
Psyllium Husk,5
Perimenopause Health,5
Hormones,5
Caffeine,5
Kind Patches Menopause Patches,5
Phytoadapt,5
Lioness Ready Performance,5
Cleanmarine Menomin,4
Cream,4
Boron,4
Clonidine,4
Menopace,4
Perimenopause Supplement,4
Health & Her Perimenopause Multi-Nutrient Support,4
Hemp Seeds,4
Addyi,4
Provitalize,4
Flaxseed Oil,4
Hormonal Therapy,4
Lemon Balm,4
Oral Progesterone,4
Vitamin B2,4
Postbiotic,4
Bioidenticals,4
Estradot,4
Phytoestrogen,4
Snris,4
Ozempic,4
Choline,4
Menovital,4
Collagen With Verisol And Fortibone,4
Pueraria Mirifica,4
Premarin,4
Revive Active,4
Fiber Gdx Dietary Supplement,4
Menopause Hormone Therapy,4
Skin And Bone Collagen,4
Chasteberry (Vitex),4
B2,4
Meno-Chill (Black Girl Vitamins),4
St John'S Wort,4
Vaginal Estrogen Cream,4
Menopause Complex,4
Collagen Powder,4
Vitamin D3 & K2,4
Omega-3 Supplement,4
Magnesium (Glycinate),4
Earthful Multivitamin For Women 40+,4
Estrogen Cream,4
Calcium Supplements,4
Antihistamines,4
B Vitamin Complex,4
Menopause,4
Testosterone Gel,4
Prebiotics,4
Retinol,4
Meno Vaginal Moisture Capsules,4
Vitex (Chasteberry),4
Komi Wellness Collagen Therapy,4
Peach Perfect Menopause Multivitamin,4
Daily Cortisol Support,4
Daily Brain Boost,4
Chaste Tree,4
Pancreatic Enzymes,4
Potassium,4
Red Orange Complex,4
Beef Organ Supplements,4
Nature'S Bounty Advanced Menopause Relief,4
Colostrum,4
Phosphorus,4
Beef Organ Supplement,4
Tretinoin,4
Unbreakable Bone Health Formula,4
Rhodiola Rosea,4
Cod Liver Oil,4
Estrogen Gel,4
Promensil,4
Sacha Inchi,4
Pumpkin Seed Oil,4
Natural Menopause Support Formulas,4
Menopause Herbs,3
Chaste Tree Berry,3
Vyleesi,3
Omega 3 Fatty Acids,3
Skin Boost Plus,3
Black Cohosh Root,3
Flax,3
5-Htp,3
Passionflower,3
Nutrafol,3
Copper,3
Nr,3
Menopause Plus,3
Oral Estradiol,3
Vitamin B7,3
Silica,3
Medroxyprogesterone Acetate,3
Antibiotics,3
Birth Control,3
Progesterone Pill,3
Winona,3
Divigel,3
Vitamins And Minerals,3
Capsules,3
Fabu Brain,3
Oestrogel,3
Capsule,3
A.Vogel Balance Perimenopause Multi-Nutrient Drink,3
Magnesium Blend,3
Ibuprofen,3
Brahmi,3
Natural Progesterone,3
Pill,3
Omega-6,3
Sea Moss,3
Plant Protein,3
B1,3
Menopause Support Gummies,3
Magnesium Taurate,3
Thermella,3
Pause Nutrition Creatine,3
Skin & Bone Dietary Supplement,3
Bioidentical Estradiol,3
Chaste Berry,3
Magnesium Oil,3
Magnesium Supplement,3
Thiamine,3
Vitamina D,3
Omega Fatty Acids,3
Climafort,3
Veozah,3
Omega-3 (Epa/Dha),3
Menoelle Plus,3
Sulforaphane,3
Holy Basil,3
Apigenin,3
Chamomile,3
Niacinamide,3
Vitamin B9,3
Vitamin B1,3
Ferritin,3
Oxybutynin,3
Key Zen,3
Collagen Product,3
Vitamin D2,3
Greek Yogurt,3
Coffee,3
Hormone Supplements,3
Calcium + Vitamin D,3
Vaginal Probiotics,3
Estradiol Gel,3
Sprays,3
Tablets,3
Menopause Gummies,3
Earthful Multivitamin 40+,3
Progesterone Tablets,3
Unspecified Supplement,3
Shilajit,3
Conjugated Estrogens,3
Menopause Multivitamin,3
Methylated B Complex,3
Vitamin D3 K2,3
A.Vogel Menopause Support,3
Daily Fiber+,3
Prenatal Vitamin,3
Hydrolyzed Collagen Supplement,3
Vitamin C Serum,3
Skin & Nails,3
Komi Wellness Gut Harmony,3
Komi Wellness Stress Harmony,3
Komi Wellness Creatine Therapy,3
Niacin,3
Roc,3
B‑Complex,3
Magnesium (Bisglycinate),3
Vaginal Oestrogen,3
Focus+,3
Sleep,3
Vitamin E (Mixed Tocopherols),3
Targeted Supplements,3
Femring,3
Gokshura,3
Glp-1 Medication,3
Black Girl Vitamins Chlorophyll Drops,3
Estrogen Pill,3
Protein Supplements,3
Oral Estrogen,3
Theobromine,3
Fem Meno,3
Hibiscus,3
Progesterone Therapy,3
Lipo B12,3
Vitamin B Complex (B6 & B12),3
Amberen Perimenopause Essentials,3
Perimenal Health,3
Perimeno Health (Snap Supplements),3
Menstrual Supplements,3
Estrogen Patches,3
Vitamin D3 + K2 Drops,3
Chlorophyll Drops,3
D3,3
Paxil,3
A Dose For Meno,3
Vitamin B3,3
Menopause Patches,3
Birth Control Pill,3
Saccharomyces Boulardii,3
Super Balance,3
Alpha Lipoic Acid,3
Hrt Patches,3
Glycolic Acid,3
Magnesium Oil Spray,3
B Vitamins (B6 & B12),3
Runica 4-In-1,3
Kurma Dhuha,2
Perimenopause Supplement (Health & Her),2
Mag Aspartate,2
Mag Citrate,2
Mag Lactate,2
Mag Chloride,2
Menosmart+,2
Meno Balance Gummies,2
Primrose Oil,2
Promethium,2
Hrt Patch,2
Chia,2
Postmenopausal Hormone Therapy,2
Melissa,2
Estrovera (Rhubarb),2
Borage Oil Supplements,2
Testosterone Supplementation,2
Sea Buckthorn Oil,2
Menoforce Sage Tablets,2
Utrogestan,2
Provera,2
Bijuve,2
Zeaxanthin,2
Omega-3 Fatty Acid,2
Rebalance,2
Magnesium Oxide,2
Immune Support,2
Herbal Supplements,2
Bioidentical Estrogen Cream,2
Revive Collagen Menopause Max,2
Phytoestrogen Supplement,2
Plant Extracts,2
Omega-3 And Vitamin D Combination,2
Veoza,2
Venlafaxine,2
Flax Seed,2
Green Tea,2
Cinnamon Powder,2
Nurideen Plus,2
Magnesium Butter,2
Iron Supplement,2
Skin & Bone,2
Vitamin D3K2,2
Winona Hrt,2
Fezolinetant,2
Calcium Supplement,2
Feel Menopause,2
Soy-Based Products,2
Chaste Tree (Vitex),2
Meno8,2
Menomin,2
Fabu Skin,2
Oestrogen Patches,2
Menopause Hormone Therapy (Mht),2
Amberen Advanced Menopause Relief,2
Chaseberry,2
Antihistamine,2
Transdermal Estradiol Patch,2
Protein Bar,2
Physician'S Choice Menopause Total Support,2
Generic Prometrium,2
Sacha Inchi Oil + Vitamin E,2
Hydrolyzed Collagen,2
Vita Greens,2
Menoplus,2
Fortibone (Bioactive Collagen),2
D,2
Red Clover Tea,2
Methylated B12,2
Vitamin C Supplement,2
Life Extension Neuro-Mag,2
Pause Nutrition Skin & Bone,2
Medication,2
Menopause Original,2
Energy & Vitality,2
Omega-3 Vitamin D & K Supplement,2
O Positive Menopause Vitamin Capsule,2
Fortibone Collagen,2
Menopause Vitamin,2
Pantothenic Acid,2
Mega Ratu,2
Magnesio,2
Go Meno Support,2
Perimenopause Biome,2
Health & Her Perimenopause Supplement,2
Menopause Multi,2
Pre/Pro/Post Biotics,2
Mct,2
Dandelion Root,2
Fortibone,2
Schisandra,2
Collagen (Skin And Bone),2
Vaniqa,2
Vegan Omega-3,2
Stonehenge Health For Women Menopause Support,2
Progesterone),2
Tulsi (Holy Basil),2
Methylfolate,2
Skin And Bone Supplement (Collagen),2
Vitamin D3/K2,2
Turmeric Curcumin,2
Nac,2
Vitamin M,2
Lion'S Mane Mushroom,2
Topical Oestrogen,2
Hormone Balancing Supplement,2
Komi Wellness Supplements,2
Menopause Supplements (Capsules,2
Powders),2
Kelp,2
White Tomato,2
Omega-3 Fatty Acids Supplement,2
Estroven Complete Multi-Symptom,2
Meno Gummies,2
Magnesium (Glycinate Or Citrate),2
Inulin,2
Low-Dose Dhea,2
Vitamin B-Complex,2
Herology Balance,2
Stress Support,2
Cordyceps,2
Estrogel,2
Skin & Bone Collagen,2
Bovine Collagen,2
Ferix Bc,2
Menopause Max,2
Pine Bark,2
Progesterone Capsules,2
Inositol Multivitamin,2
Herology Meno,2
Femarelle Recharge,2
Serotonin Reuptake Inhibitor,2
Chlorella,2
Spirulina,2
Collagen (Skin & Bone),2
Vitamin K2 (Mk7),2
Daily Fiber Plus,2
Flax Seeds,2
Chromium Picolinate,2
Siberian Rhubarb,2
Hawthorn,2
Estrogen Therapy,2
Estrace Cream,2
Vagifem,2
Fiber Supplements,2
Synthetic Progestins,2
Colostrum (Igg),2
Sachromyces Boulardii,2
Prebiotic Fiber (Psyllium Husk),2
Dgl (Deglycyrrhizinated Licorice),2
Gi Revive,2
Dgl Plus,2
Miracle Blends,2
Powder,2
Mushroom Extracts,2
Arrae Mb-145+,2
Isoflavone,2
Verisol,2
Viviscal,2
Multi-Vitamins,2
Slippery Kitty,2
The Pause Nutrition Skin + Bone Collagen,2
The Pause Nutrition Gdx Fiber,2
Body Health Whole Trilogy Seeds,2
Fatty15,2
Lynkue (Elinzanetant),2
Pause Sleep Supplement,2
Greens,2
Testim Gel,2
Ashwagandha Calm+,2
Gnc Women'S Vitapak,2
Marine Collagen,2
Vitamin E Oil,2
Peptide Serum,2
Retinoid,2
Botox,2
Essential Amino Acids,2
Hydrolysed Marine Collagen,2
Viviscal Hair Growth Supplement,2
Testosterone Cream,2
Menomulti,2
K2D3,2
Omega-3 Fatty Acids (Epa & Dha),2
Vitamin B12 (Methylcobalamin),2
Estring,2
Pcos Relief,2
Estrogen Replacement Therapy,2
Menofriend,2
Yam Cream,2
Post-Meno Plus,2
Multi,2
Beef Organs,2
Hrt Tablets,2
Coconut Oil,2
Nuvaring,2
Fem Perimeno,2
Stronglife Menopause Relief Patches,2
Mushroom Gummies,2
Omega-3 (Epa),2
Bioidentical Hormone Replacement Therapy,2
Anthocyanins,2
Amino Acids,2
Vit C,2
Menopause Relief Patches,2
Collagen Protein,2
Earthful Multivitamin,2
Kind Patches,2
Organic Silicon,2
Duavee,2
Non Hormonal Medications,2
Estradiol Pill,2
Oral Minoxidil,2
Cinnamon,2
Mini Multi,2
Estradiol Therapy,2
Probiotic Supplements,2
Rhapontic Rhubarb,2
Suplementos,2
O Positiv Menopause Gummies,2
Ionic Iron,2
Restore (Adrenal Support),2
Bonafide Reverie,2
Vaginal Hormones,2
Peri,2
5% Minoxidil,2
Hello Super Balance,2
Her Balance,2
Damiana,2
B Vitamins (Methylated Form),2
Zinc Selenium,2
Vitamin K3,2
Balance Tonic Menopause,2
Baobab,2
Blueberry,2
L-Carnitine,2
Nordic Naturals Omega-3,2
Lipo B12 (Injectable B12),2
Topical Benadryl,2
Progestogen,2
Semaglutide,2
Skin And Nails Gummy,2
Knockout Menopause,2
Women'S 30+ Daily Supplement Pack,2
Menopause Support Capsules,2
Hormone Balance Supplement,2
Women'S Metabolism Daily Pack,2
Menopause Gummy Vitamins,2
Metamucil,2
Menopausal Hormone Therapy (Mht),2
Needed Perimenopause Multivitamin,2
Revive Collagen,2
Intrarosa,2
Snap Perimenopause Health,2
Zinzino Premium Oil,2
Pomegranate Extract,2
Peri + Menopause Supplements,2
Dietary Fiber,2
Black Seed Oil,2
Menopause Support Supplement,2
Topical Estrogen,2
Dense Hair Vitamins,2
Magtech Magnesium,2
Topical Minoxidil,2
Cinnamon Extract,2
Estroven Complete,2
Fat Burners,2
Akira,2
Amaya,2
Hormone Hero,2
Thorne Perimenopause Complete,2
Dgl,2
Iud,2
Testo Booster,2
Prostate Health,2
Nitric Oxide,2
Neocell Collagen Peptides Powder,2
Skullcap,2
Vaginal Suppositories,2
Thyroid Supplement,2
Everbalance,2
Glp-1 Medications,2
Women'S Daily Supplement Pack,2
Menomaster,2
Blackberry Leaf,2
Tirzepatide,2
Local Vaginal Estrogen,2
Retinoids,2
Yerba Mate,2
Whey Protein 360,2
Perfect Aminos,2
Greens Powder,2
Hair Supplement,2
Women'S Daily Sleep Support,2
Qunol Menopause Relief,2
Nello Super Balance,2
Salt,2
Castor Oil,2
Tea,2
Cranberry Gummies,2
A.Vogel Menoforce Sage Tablets,2
Sage Extract,2
Vaginal Moisture Support Capsules,2
Estradiol 0.1,2
Probiotic Supplement,2
Shatavari Herbal Powder,1
Max Adrenals,1
Gut Relief,1
Pumpkin Seeds,1
Menofit™ Complete Probiotic,1
Soy Foods,1
Icare,1
Vitamin B-6,1
Raw Probiotics Women'S 85 Billion,1
Dr. Formulated Probiotics Once Daily Women'S 50 Billion,1
Vital Flora 60,1
Renew Life,1
Womaness Go Go Liners,1
Womaness Ultra Coat,1
Womaness Max & More,1
Womaness Cool & Smooth,1
Womaness Hydrating Cleanser,1
Menopause Sage,1
Dim Supplement,1
Mthfr (Methylfolate),1
Ra Defence,1
Ra Skin Bright & Vitamin C,1
Ra Skin Hydrate,1
Ra Primerose,1
Primerose Plus,1
Gynoveda Calcium Vit D3 Tablets,1
Lakshadi Gugulu,1
Vaginal Oestrogen (Pessary,1
Gel Or Ring),1
Non-Hormonal Moisturisers,1
Menopace Original,1
Menopace Plus,1
Nuun,1
Boron (Liquid),1
Tablet Treatment,1
Wanderlust Wise Woman - Day,1
Wanderlust Wise Woman - Night,1
Medication To Block Estrogen,1
Vylessi,1
Yam,1
Nutrilite Black Cohosh,1
Climera Pro,1
Vitabiotics,1
Vitamin D (D3),1
Life Extension Neuro-Mag Magnesium L-Threonate,1
The Galveston Diet Turmeric Supplement,1
Gene Xn Formulas Resveratrol Ultra Strength,1
The Galveston Diet Omega-3 & Vitamin D,1
Gene Xn Formulas Nmn 1000,1
The Galveston Diet Fiber Gdx,1
The Galveston Diet Skin Boost Plus,1
Menofit,1
Stay Calm,1
St. John’S Wort,1
Omega 3 Dha,1
Lignan,1
Fuco,1
Galveston Diet Gdx Fiber,1
Don Quai,1
Maca Peruana,1
Estrogen Balance,1
Dr. Berg Supplements,1
False Unicorn,1
Licorice,1
Micronized Natural Progesterone,1
Mira Herbals Female Hormone Balance,1
Mira Herbals Male Fertility,1
Sightc And Blueberry Gummies,1
Femmatrix,1
B Group Vitamins,1
Menofriend®,1
Hydrolyzed Bovine Collagen,1
Seed,1
Healthy Fats,1
Postmenopausal Hrt,1
Menopause Care Pack,1
Norethisterone,1
Dydrogesterone,1
Femoston,1
Progesterone (Cyclogest,1
Lutigest),1
Progesterone Vaginal Pessaries,1
Mirena Coil,1
N-Acetyl-Cysteine (Nac),1
Detox Supplement,1
Doctor'S Formula Menopause Support,1
Plant-Based Protein Powder,1
Agnus Castus,1
Backflower Remedies,1
Beta Carotene,1
Femmenessencepro Peri,1
Pro-Adapt Progesterone Drops,1
Rosita Cod Liver Oil,1
Thyroid 300,1
Passion Flower,1
Shiso Berry,1
Meno-Prev,1
Estovon,1
Now Foods Ashwagandha,1
Evanova,1
Menopause (Vitabiotics),1
Wellwoman Plus,1
Menopause Belly Fat Reducers,1
Unregulated Supplements,1
Topical Estradiol,1
Lotion,1
Vitamin B6 (Pyridoxine),1
Svenson’S Hair Growth Stimulants,1
Hormonal Complex,1
Femarelle 40+,1
Dt56A,1
Flaxseed Powder,1
Perimenopause And Menopause Support,1
Relaxation (R&R),1
Alloy,1
Complex B6,1
Complex B12,1
Bio Identical Hormone Replacement Therapy,1
Chastree Berry,1
Steroid Use,1
Hormone Replacement,1
Herb,1
Prescription,1
Pnaax Ginseng,1
Valeriana Officinalis,1
Prescription Estrogen,1
Glucosamine/Chondroitin,1
Phytoceramide,1
Salmon Oil,1
Areeds,1
One-A-Day Women 50+,1
Cerazette,1
Femina Pause,1
Vitabiotics Menopace,1
Buona,1
Narie Menopause Care,1
General Menopause Health Supplements (Unspecified),1
Thighmaster,1
Progesterone Hormone Replacement Therapy,1
Solgar Super Starflower Oil 1300 Mg,1
Digestive Enzyme,1
Amino‑Acid Blend,1
Phytotherapy,1
Holistic Menopause Support Supplements,1
Con-Cret Creatine,1
Sparkle Skin Boost Collagen,1
Osteoboost,1
Berberine (Metagenics),1
Magnesium Glycinate (Metagenics),1
Benfotiamine (Fat‑Soluble Vitamin B1),1
Wild Yam Oil,1
Chaste Tree Berries,1
Shea Butter,1
Key For Her Peri-Menopause Supplements,1
Thyroid Hormone,1
Menoligna,1
Hair Oil,1
Arginine,1
Lustriva,1
Olive Oil,1
Vitamin B8 (E),1
Organic Supplement,1
Dong Quai (Female Ginseng),1
Multisíntomas,1
Morphus Magnesium,1
Menorise Capsules,1
Proto‑Col Menorest Capsules,1
Prenenolone,1
Gepretix,1
Menoslim,1
Maryruth'S Ultra Digestive Food Enzymes,1
P-5-P Complex,1
Wogovi,1
Mounjaro,1
Qsymia,1
Valerian Roots,1
Amh-Derived Drug,1
Cancer Drug,1
Key For Her Peri And Menopause Supplement,1
Fisetin,1
Advanced Menopause Support,1
Matcha,1
Rhubarb Plant Ingredient,1
Thyroid Medication,1
Soy Protein,1
Magnesium Inositol,1
Polifenol,1
Res V,1
Progestogens,1
Key Peri & Menopause Supplement,1
L-Tyrosine,1
Menopause Shampoo,1
Menopause Face Cream,1
Anna’S Wild Yam Cream,1
Collagen Supplement (Verisol),1
Turmeric‑Enhanced Formulation,1
Dietary Supplements,1
Menno (Menopause Relief Gummy),1
Iron Tablets,1
Menopause Vitamins,1
Probiotic (Live Friendly Bacteria),1
Spatone,1
Fortibone Collagen Peptide,1
Biotics-Bio Multi +,1
Cleannutra-Multimineral,1
Biotics-Dk Mulision,1
Quinol Liquid Turmeric,1
Applied Nutrition Collagen,1
Omega-7 (Sea Buckthorn),1
Functional Mushroom Gummies,1
Menohelp,1
Medications For Libido,1
Over The Counter Products,1
Wild Yam Root,1
Pine Pollen,1
Rhubarb,1
Over-The-Counter Products,1
Gabapentins,1
Meno Rescue By Wellme,1
Pyridoxine (Vitamin B6),1
Microprogestative Pill,1
Huile D'Onagre,1
Iv Vitamin Therapy,1
Herbamama Sage,1
Low-Dose Birth Control Pills,1
Seed Synbiotic,1
Adrenal Support (Avce Calcium Bovine),1
P5P 50 (B),1
Omega-3 Essential Fatty Acids,1
Fenugreek,1
Chinese Herbs,1
Vitamin B12 Supplement,1
Nouritress Vitamins Plus,1
Nouritress Hair Vitamins Plus,1
Sparidan,1
Phytoestrogen Creams,1
Menosil,1
Functional Mushrooms,1
New Gummy,1
Menoslim Tea,1
Oziva’S Herbalance,1
Red Berry Smoothie,1
Silica Liquid Concentrate,1
Charcoal Facial Detox Soap,1
Wholemega Fish Oil,1
B-12 (Methylcobalamin),1
D-3 K-2,1
Oil Of Oregano,1
Lenzetto Spray,1
Mirena,1
Utrogestran,1
Combined Oral Pills,1
Menopause Vitamin Gummies,1
Beauty Probiotic+,1
Pro Collagen,1
Hair Food Support,1
Meno Vitamin Gummy,1
Ashwagandha Ksm66,1
Feminapause,1
Semisifuga Racemosa,1
3 Vemel,1
Health And Her Perimenopause Food Supplement,1
A.Vogel Focus Perimenopause Passiflora Complex Tablets,1
Elda'S Menopause Balance Plus,1
Menopause Balance Plus,1
Pill Packet,1
Resilzin,1
Natural Things,1
M4 Estriol Face Cream,1
Vaginal Estradiol,1
Synbiotic,1
25-Hydroxyvitamin D,1
Meno Menopause Gummy Vitamins,1
Herbal Tea (Wonder Habatei),1
Vitamin D + K,1
Seranol,1
Physician’S Choice Menopause Total Support,1
Hair Vitamin,1
Fiber Gxd,1
Collagen (Verisol),1
Lachesis Mutus 30C Homeopathic Pellets.,1
Magnesium L-Theronate,1
Promeno,1
Menaforce,1
Bioidentical Estrogen Patch,1
Vitamins And Supplements,1
Shila Jeet,1
Mulati,1
Magnesium (Citrate/Malate),1
Riboflavin (Vitamin B2),1
Balance Perimenopause Multi-Nutrient Drink,1
Menofix Capsule,1
Bloat Relief,1
Pms Support,1
Femme Supplement,1
Rdts,1
Serum Progesterone,1
Menopause Medication,1
Collagen (Tripeptide/Hydrolyzed),1
Elle Sera,1
Ella Sera,1
Collagen (Tripeptide),1
7Gem Botanical Beverage,1
Meno Relief,1
Fiber Powder,1
Liquid Supplement For Menopause,1
Huttons Menopause Support,1
Meno Gummies (O Positiv),1
Body Identical Hrt,1
Valerie Daily Essential,1
Collagen Supplement (Tripeptide/Hydrolyzed),1
Well3 Lyophilized Royal Jelly,1
Mg,1
Zn,1
Probiotic Drinks (Yogurts,1
Kefirs,1
Fermented Milks),1
Sage Tea,1
Grapefruit Juice,1
Mixers Menopause,1
Aromatase Inhibitor,1
Collagen (Type 1,1
3),1
Magnesium Bisglycinate Supplement,1
Sacha Inchi Oil + Vitamin E Supplement,1
Glowwa Meno,1
Low-Dose Birth Control Pill,1
Magnesium Super Hero,1
Magnesium Shitrate,1
Beef Liver Capsules,1
Mellow Menopause™,1
Reviveactive Meno Active,1
Nutritional Yeast,1
Estradiol Transdermal System Patch,1
4\U202Fmg Capsule,1
Topical Estradiol Cream,1
Estradiol Spray,1
Pause Nutrition Omega-3 Vitamin D & K,1
Alloy Probiotic,1
Clonazepam,1
Daktarin,1
Mycostatin,1
Fortibone (Fortibone),1
Bio Identical Hormones,1
Olly Women'S Multi,1
Forti-Bone Collagen,1
Drospirenone,1
Meno Botanicals,1
Macrodantin,1
Trimethoprim,1
Monuril,1
Vaginal Estrogen Pessary,1
3In1 Vitamin,1
Maca Root Powder,1
Turmeric Extract,1
Reverie (Vaginal Insert),1
Bonafide (Clairvive) Vaginal Probiotic Supplement,1
Otc Supplements For Mood Swings,1
Hot Flashes,1
Night Sweats,1
Menopause Chocolate,1
Pellets,1
Magnesium Tablets,1
Reload Women'S 50+ Formula,1
Kollo Health Menopause Support,1
Cream Rose,1
Her Zenergy,1
Over-The-Counter Medications,1
Mild Anti-Anxiety Medications,1
Primal Women+,1
Kollo Meno Support,1
Creatine Supplement,1
B9 (Folic Acid),1
Menopause Multi-Nutrient Support,1
Combined Contraceptive Pill,1
Micronised Progesterone,1
Geprexit,1
Happy Hoo-Ha,1
Lovin' Libido,1
Mellow Menopause,1
Neuora,1
Hydrate + Detox,1
Vitamin D Supplement (With Omega-3 Fatty Acids And Vitamin K),1
B Vitamins (B6,1
Riboflavin),1
Hpa Adapt Blend,1
Happy Mammoth Hormone Harmony,1
Femmenessence Formulas,1
Tibolone,1
Probióticos,1
Hormonal Balance Supplement,1
Urinary Infection Supplement,1
Reproductive System Supplement,1
Menopause Kit,1
Hormone Bliss,1
Moon Juice Cherry Magnesium With Melatonin,1
Magnesium With Vitamin D,1
Perimenopause Mind,1
Perimenopause Gummies,1
Vitamin D Supplement (With Vitamin K And Omega Fatty Acids),1
Climafort Sueño,1
Climafort Cronomag,1
Hormone Balance Gummies,1
Perimenopause Support,1
Barefoot Scientist Spray (Lavender Essential Oil),1
Epo,1
Supplements For Total Wellness,1
Menoelle Night Intense,1
Bohdi Menopause Supplement,1
Sage Leaf,1
Tribulus Terrestris,1
Siberian Ginseng,1
Magnesium Lotion,1
Magnesium Spray,1
Fabu Meno & Peri,1
Nicotinamide,1
Vitamin D & Vitamin K Combo,1
Skin & Bone Collagen (With Verisol And Fortibone),1
Collagen (With Verisol And Fortibone),1
Morphus Omega-3T,1
Hyland'S Women'S Menopause Multi + Youthful Skin,1
Vitamin D + Vitamin K,1
Tru Niagen,1
Glp-1 Probiotic,1
Akkermansia Probiotic,1
Meno - Vaginal Moisture Capsules,1
Peppermint,1
Nad+ (Nicotinamide Mononucleotide),1
Clary Sage,1
Menopause Essentials Plus,1
Skin & Bones,1
Fiber Cdx,1
Uro,1
Black Girl Vitamins Men-O-Pill,1
Vitamina B Complejo Activo De Bonusan,1
Health & Her Menopause Multi-Nutrient Support,1
Cacao Powder,1
Estradiol Patches,1
Menobalance,1
Omega-7 Skin Complex,1
Hormone Support Blend,1
Single Ingredient Products,1
Hrt (Estrogen,1
Natrava Beets,1
Menophil Plus,1
Biarelous,1
Isagenix,1
Ht Tablets,1
Peri + Menopause Supplement,1
Bovine Colostrum,1
Magnesium (Citrate),1
Igg 2000 Cwp,1
Eaas (Essential Amino Acids),1
Collagen (Marine),1
Acromancia,1
Methylene Blue,1
Skin And Bone Supplement,1
Vitex Agnus Castus,1
The Pill,1
Herbal Harmony,1
Fabu Shrooms Meno & Peri,1
Madequa,1
Dr. Haver'S Supplements,1
The Pause Nutrition Skin & Bone Collagen (Unflavored),1
The Pause Nutrition Fiber (Unflavored),1
Gytree'S Total Menopause Support,1
Minerva Reset,1
Fezolinetant (Veozah),1
Immunboost Senior,1
Fabuu Meno And Peri,1
Flavia Plus,1
Flavia Nocta,1
Femipause,1
Genpro (Progesterone Transdermal Cream),1
Non-Hormonal Hrt,1
Oral Contraceptive Pills,1
Magnesium Sulfate,1
Genesis Gold,1
Sacred 7 Amino Acids,1
Aspirin,1
5‑Htp,1
Dandelion,1
Estradiol Ring,1
Estradiol Vaginal Estrogen Cream,1
Multi-Strain Probiotic 20B,1
Mitochondria Factors,1
Omega 6+3,1
Adk 4,1
Adk 10,1
Cbd Oil,1
Marijuana,1
Triple Complex Magnesium,1
Liquid Collagen,1
Meno & Peri,1
Shrooms,1
Multivitamin For Women 55+,1
Calcium-Fortified Milk,1
Polyphenol (Antioxidant),1
Resveratrol (Vivix),1
Gl Complex,1
Non Gmo Soy,1
Lydia Pinkham Herbal Tonic,1
Adaptogenic Herb,1
Calcium Deglucarate,1
Flavorless Fiber,1
Skin + Bone Collagen,1
Fabu Shrooms,1
Vegan Protein Bar,1
Vitamin D And K2,1
Multi Mineral Tablets,1
B12 Supplement,1
Systemic Hrt,1
Herbal Medicine,1
Algae Oil,1
Timifuga Racemosa,1
Lonqui,1
Saudagatillo,1
Evening Primrose Oil (Epo),1
Vitamin B Complex (B6,1
Folate),1
Lubricating Ear Drops,1
Antifungals,1
Ovarian Support,1
Women'S Endocrine Superfood Powder,1
Teas,1
Methyl Support,1
Betaine,1
New Cheeto,1
Isolated Calcium Supplement,1
Spirulina Bound Magnesium,1
Food Based Magnesium Supplement,1
Slippery Elm Bark,1
Calcium + Vitamin D3,1
Omega-3 (Epa & Dha),1
Pre+ Probiotic,1
High-Dose Vitamin E,1
High-Dose Iron,1
Hormone-Based Herbal Blends,1
Balanced Perimeno,1
Vigor Vitamins,1
Fabu Glow,1
Fabu Focus,1
Fabu Shirooms,1
Fabu Men,1
Fabu Relax,1
Fabu Menopause,1
Intestinal Cramp Comfort,1
Menopause Multi Symptom Support,1
Nausea Support,1
Glowing Skin Complex,1
Lactation Support,1
Thyroxine,1
Insulin,1
Fermented Soy Isoflavones,1
Collagen Product (Verisol Peptide),1
Creatine+,1
Moisturisers,1
Lubricants,1
Estrogen Creams,1
Horbaach Moringa 6000Mg,1
Testosterone Patches,1
Menomate,1
Myregyna,1
Kiko Vitals,1
Let Me Sleep,1
Active Glow,1
Over-The-Counter Supplements,1
Non-Hrt,1
Hormone Support Supplements,1
Women'S Health Supplements,1
No Specific Supplements Mentioned,1
Estroven Pre-Menopause Relief,1
Reprise Menopause Gummies,1
Mulethi,1
Dieux Instant Angel Moisturizer,1
Physician'S Choice Menopause Probiotic Supplement,1
Perimenopause Support Supplement,1
Probiotic Complex,1
Meno Balance Tea,1
Chasteberry (Vitex Extract),1
Saffron Supplement,1
Pause Tea,1
Vitamin World Ultra 360 Women'S Multi 50 Plus,1
B Complex Vitamins,1
Glowwa Hair Food Meno,1
Sea Moss Shilajit Black Seed Oil Ashwagandha Turmeric Dietary Supplement,1
Super B Complex,1
Walgreens Hair,1
Skin & Nails Formula,1
Balance Hormonal,1
Meno Pause,1
Natrava Beets (Gummies),1
Natrava Beets (Powders),1
Bilberry,1
Herology Nighttime Zen,1
Herology Collagen,1
Herology Menopause,1
Hair Skin And Nails Supplement,1
Bone Health,1
Pause Nutrition Fiber,1
Frozen Mixed Berries,1
Topical Moisturisers,1
Peach Perfect Menopause Multivitamin (21-In-1 Total Support),1
Happy Mammoth Meno Daily Vitamins,1
Menodaily,1
Susu Kambing (Goat Milk Supplement),1
Growth Hormone,1
Igf-1,1
Mushroom Blend,1
Power Cordyceps,1
Bioglan Platinum Menopause Control,1
Shilajit Capsules 1000Mg,1
Berberine Capsules 1000Mg,1
Perimenopause Complex,1
Sdg Lignans,1
B-Complex (Methylated),1
Vegan Omega,1
Iron + Folic Acid,1
Carsitol,1
P-Cosol,1
Iberet Folic 500,1
Stress Tabs,1
Flaxseed Extract,1
Cansitol,1
Multivitamins + Iron,1
Stresstabs,1
Iberset Folic 500,1
Proud,1
Cosol,1
Domma Equilibrio,1
Rashi,1
Combi Patch,1
Key For Her Peri/Menopause Supplements,1
Calm Magnesium Supplement Drink Mix,1
Probiotic (Blood Orange),1
Nmn 250,1
Komi Collagen Therapy,1
Polyphenols (Green Tea,1
Olive Oil),1
Barley Grass,1
Low-Dose Oral Minoxidil,1
The Peri Edit,1
Vagisil Probiotic Oral Supplements,1
Omega-3 (Fish Oil/Cod Oil),1
Sesame,1
Brahmi Tablets,1
Ashwagandharistha,1
Licorice Powder,1
Daily Fiber+ Gummies,1
Calcium Tablets,1
Bakuchiol,1
Skin Supplement,1
Karaoke Supplement,1
Soy-Based Phytoestrogens,1
Artichoke,1
Black Girl Vitamin Meno Chill,1
Together Health Beautiful,1
Lambert'S Florisene,1
Tisserand Rosemary Hair Oil,1
Naturtint Goji Hair Mask,1
Omega-3 Oil,1
Welma,1
Valerian Root,1
Nigella Sativa (Black Seed Oil),1
Benzodiazepines (Xanax),1
Prescription Sleep Aids,1
Hormone Therapy (Estrogen),1
Menopausal Support Tablets,1
Hormone Balance Tablets,1
Cortisol Tamers,1
Protein (Farmer Protein),1
Nicotinamide Riboside,1
All-Stage Supplement,1
Cortisol Support,1
Magnesium Biscinate,1
Bifi,1
Prescription Medications,1
Midi Daily Cortisol Support,1
Deglycyrrhizinated Licorice (Dgl),1
Vitamin D Supplement (The Pause Nutrition Omega-3 Vitamin D & K),1
Multivitamin For Women,1
Thyroid Support,1
Lexapro,1
Estradiol Patch (Menopause Hormone Therapy),1
Earthful Women’S Multivitamin 40+,1
Gomy Wellness Hormone Harmony,1
Gomy Wellness Stress Harmony,1
Gomy Wellness Gut Harmony,1
Menoprime,1
Peri-Menopause,1
Cbt,1
Alpha-Lipoic Acid,1
Multivitamin After Menopause For Women 55+,1
The Pause Nutrition Skin & Bone Collagen,1
The Pause Nutrition Fiber,1
Almonds,1
Plant Beans,1
Omega-3 & Dha,1
Melliva,1
Perry,1
Hormone Balance Plus,1
Tone,1
Vanilla Whey Protein Powder,1
Calcium Fortified Almond Milk,1
Thiamin,1
Antacids,1
Icy Hot,1
Vitamin B Breakthrough,1
Better Libido,1
Gnc Women'S 50+ Vitapak,1
Dao Enzyme (Diamine Oxidase) Supplement,1
Quercetin Supplement,1
Bromelain,1
Zantac,1
Menoactive,1
Omega Oils,1
Krill Oil Omega Supplements,1
Cleanmarine,1
Sage Leaf Extract,1
Soya Bean Extract,1
Big Vits,1
Skin + Bone Plugs,1
Multi-Nutrient Sachet,1
Omega-3 Capsule,1
Botanical Capsule,1
Me.No.Pause,1
Health & Her Perimenopause Multi‑Nutrient Support,1
Low Dose Estrogen Cream,1
Balanced Mushrooms,1
Pumpkin Seed Extract,1
Menorenew Complete,1
Skin & Nails Gummies,1
He Shou Wu,1
Seaweed,1
Lovage Root,1
Eucommia Bark,1
Angelica,1
Evening Primrose Oil (Now Foods),1
Efamol Pure Evening Primrose Oil,1
Efamol Capsules,1
Collagen (Verisol/Skin Boost),1
D3 K2,1
Perimenopause Multi Nutrient Support,1
Perimenopause Mind Plus,1
Meno Botanical,1
Collagen Complex,1
Omega,1
Lunella,1
Estradot Patch,1
Androfem Cream,1
Wishgarden Herbs Hot Flash Tamer,1
Olly Mellow Menopause Relief,1
Wishgarden Herbs Hot Flash Capsules,1
Boiron Lachesis Mutus 30C,1
Boiron Menopause,1
Day Supplement,1
Night Supplement,1
Marine Swish Collagen,1
Organic Ashwagandha Ksm66,1
Botanical Blend,1
Perimenopause Vitamins,1
Kalium (Potassium),1
Omega3,1
Pre&Probiotic,1
Fitogen,1
Soy Isoflavones Supplement,1
Vitamin B9 (Folic Acid),1
Alpha Male,1
Food‑Grown Menopause Complex,1
Bare Biology Magnesium & Rest,1
Liposomal Vitamin C,1
Dream Distillery Night Tonic,1
Cbd,1
Mindbodygreen Creatine+,1
Magnolia Root,1
Purestrol (Kwao Krua),1
Just Ingredients Perimenopause,1
Oestrogen,1
Chemotherapy,1
Radiotherapy,1
Other Medication,1
Fezolinet,1
Viosa,1
Oxybutinin,1
Yes Vaginal Lubricant,1
Vaginal Estrogens,1
Herbal Formulas,1
Natrova Beets+ Gummies,1
From Mint Menopause Supplement,1
Woman Multi Plus,1
Metagenics,1
Biotics,1
Pure,1
Nuethics,1
Seed Prebiotic Probiotic,1
Amo2,1
Vitamin Fish Oil,1
Glow Pm,1
Co Q10,1
Statin,1
Issviva Menopause Support Gummies,1
Gnc Vitapaks For Women 40+,1
Gnc Vitapaks For Women 30+,1
Overdure,1
Magnesium Glycinate 3-In-1,1
Lion'S Mane Focus+,1
Transdermal Estrogen (Patches,1
Gels),1
Lemme Curb,1
Lemme Burn,1
Melliva By Zuno,1
Cut Harmony,1
Peach Perfect Inositol Multivitamin,1
Peach Perfect Creatine,1
Lifeplan Organic Ashwagandha,1
Nature'S Way Premium Extract Boswellia,1
H&B Magnesium 375Mg Muscle Care,1
Biocare B Complex,1
Ayurveda Organic Shatavari,1
H&B Cold Pressed Sunflower Oil,1
H&B Milk Thistle 100Mg,1
Now Vitamin D-3 2000 Iu,1
Vitamin K2 (As Menaquinone-7),1
Nutrition Extra Strength Theanine,1
Dysport,1
Sculptra,1
Inositol (Especially Myo + D-Chiro),1
Meno Pregdhe Capsulas (Ginmedic),1
Zoralto (Blood Thinner),1
Vitamin D Tablets,1
Vitamin B-12 Spray,1
Androfeme Testosterone Cream,1
Nmn Glowz,1
Meno-Cool,1
Onoma Daily Drink (Blush Lemonade),1
Move Freely Gummies,1
V-Moist Intimate Wipes,1
Joylux Serum,1
Reishi Mushroom,1
Unbreakable Bone™,1
Zena Organic Super Greens,1
Armaa Colostrum,1
Par Olive Pearl Marine Collagen,1
Gaia Herbs Turmeric Supreme,1
Bragg Apple Cider Vinegar,1
Perel Peri Support Pack,1
Moon Juice Magnesi-Om,1
Probiotics + Prebiotic,1
B-Complex (B6/B12),1
Natrava Beets+ Gummies,1
Prescription Hormone Medication,1
Nutrafol Hair Growth,1
Meno8 Supplement,1
Meno-Chill Dietary Supplement,1
Megafood Relax & Calm Magnesium Fruit Chews,1
Evening Primrose Oil/Vitamin E,1
Low-Weight Collagen Peptides,1
Turmeric + Black Pepper,1
Focus Factor,1
Serovital,1
Gnc Women'S Vitapak Program (Daily Vitamin Pack),1
Nmn + Sod + Roc + Probiotic,1
Nutrilite Women'S 40+ Support,1
Herbal Products,1
Soy Milk,1
Wheat & Wheat Germ Powder,1
Blueberries,1
Peri-Meno Plus,1
Estraven,1
Maryruth'S Morning Multivitamin,1
Plant Based Protein,1
Megatril,1
Meno Comfort Tea,1
Витас,1
Царакалет,1
Регуляторы,1
Женский Травы,1
Хитта,1
Естрягенина,1
Фита,1
Прогестерона,1
Скс,1
Serotonin Reuptake Inhibitors (Ssris),1
Phytoestrogen Foods (Soy,1
Sesame),1
Neuaura,1
Dong Quai Root Extract,1
Liquorice Root Extract,1
Over 30 Hormone Support,1
Meno-Shred,1
Gleefull,1
Algaecal Plus,1
Combination Roc,1
Beets + Gummies,1
Calm Capsules,1
Zest Active,1
Sleep Capsules,1
Menoforce (Sage),1
Anna'S Wild Yam Cream,1
Nsaids,1
Meno Dúo,1
Onagra,1
Evening Primrose Oil (Efamol Pure Evening Primrose Oil),1
Vitamin D Complex,1
Skin And Bone Collagen Supplement,1
Roc Sod,1
Phytoesteroid,1
Greens Drink,1
Mushroom Coffee,1
Berberine Supplement (Burn Extreme),1
Supercalm,1
Bisglycinate,1
Dormeasan,1
The Pause Supplement,1
Cholesterol Control,1
Myo-Inositol + Choline,1
Ala (Alpha Lipoic Acid),1
Weight Management – Lifeseasons Therapeutics,1
Fenugreek Seed Extract,1
Ceylon Cinnamon,1
Green Tea Fat Mobilizer,1
Estradiol Vaginal Cream,1
D3 + K2,1
Iron Tonic,1
Menovelle,1
Brain Supplement,1
Vaginal Estrogen Inserts,1
O Positiv Menopause Vitamin (Brand O Positiv,1
Product Meno),1
Energy B12,1
Beef Capsules,1
Synthetic Estrogens,1
Progestins,1
Sleeping Tablets,1
Spray,1
Conjugated Equine Estrogen,1
Ring (Femring),1
Generic Estradiol Gel,1
Evemis Spray,1
Oral Hrt,1
Gelatin,1
Pueraria Mirifica Plus,1
Menopause Preparations,1
Magcalm Sleep Powder,1
Herbal Tablets (Melatonin Alternative),1
Magtaur,1
Ancestral Supplements (The Supplement Bottle Shown),1
Matcha Mind,1
Apple Cider Vinegar Gummies,1
Estrogen (Estradiol/Estriol),1
Exfoliating Acids,1
Peptide Creams,1
B-Vitamins (B6/B12),1
Mots-C (Peptide),1
Transdermal (Creams/Patches),1
Menovive,1
8 Greens Super Greens Gummies,1
Pro Menopause Support,1
Flaxseed Drink,1
Femmenno,1
Wile Women’S Supplements,1
Gnc Women'S 40+,1
Gnc Women'S 50+,1
Cell Protection Complex,1
Ovitage Collagen,1
Daily Defence Women Support Supplements,1
L. Rhamnosus,1
Super Berries,1
Boric Acid,1
Perimenofriend Supplement,1
Femmex,1
Hemagenics Iron Advanced,1
Black Girl Vitamins D3+ K2 Drops,1
Pea (Palmitoylethanolamide),1
Jeena Sikho Multivitamin For Women,1
Vitafem Menopause Supplement,1
Cortisone Cream,1
For Women Menopause Support,1
Health & Her Perimenopause Multi Nutrient Support,1
Menopause Care,1
Vaginal Probiotic,1
Hyaluronic Acid Suppository,1
Fluids Tea,1
Black Food,1
Black Sesame Balls,1
Rhizoma Polygoni,1
Western Medicine,1
Menopause Relief Supplement,1
Natural Complex,1
Vegan Capsules,1
Nexellis Birth Control Pill,1
Coq10 (Pocq10),1
Irish Sea Moss,1
Children'S Vitamin D,1
Negima Women'S Probiotics 120 Billion Cfu,1
Theta Balance,1
Gut Hormone Protocol,1
Jeuneora Hormone Hero,1
Leafy Greens,1
Hair Loss Pills,1
Vitamin Supplements,1
Injections,1
Liposomal Vitamin,1
Omega-3 (Dha),1
Colálica X-Outflux,1
Suppositories,1
O Positive Vaginal Probiotic,1
B12 (Active Form),1
Pyridoxal 5'-Phosphate (P5P),1
Menopause Vitamins (Optimist Health),1
Ilimow,1
Glowing Goddess Beef Organ Supplement,1
Powders,1
Issviva Post-Menopause Plus,1
Mary Ruth'S Women'S Multivitamin Liposomal,1
Moodi Hormone Gummies,1
Practitioner-Only Product,1
Trighandha,1
Herbs Of Gold Saffron Mood Balance,1
Collagen 500,1
M-Tick Formulas,1
Silicon,1
Mineral Supplement,1
Nac (N-Acetylcysteine),1
Beta Glucan 1,1
3D,1
Witch Hazel,1
Miror Bliss,1
Magnesium (Glycinate/Citrate),1
Complete Menopause Relief (Fairhaven Health),1
Makaroot,1
Hormonal Balance,1
High-Dose Herbal Blends,1
Phytoestrogen Supplements,1
High-Dose Biotin,1
Excessive Vitamin A,1
Unregulated Compounded Products,1
Ngcela,1
Mary Ruth'S Hair Growth Max,1
Mood Mend,1
Mood Mend Max,1
Offline Brain And Emotional Health Supplement,1
Totaria 40-In-1 Menopause Supplements,1
Extradiol (Estrogen Spray/Cream),1
Herbal Medicine (Jamu),1
Mega Ratu Premium,1
Xtrazex,1
Minoxidil (Topical),1
Minoxidil (Oral),1
Oral Bioidentical Progesterone,1
Vaginal Progesterone,1
Health & Her Perimenopause Multinu...,1
Maryruth'S Women'S Multivitamin Liposomal (Vanilla Peach),1
Probiotics (Lactobacillus 30),1
Strong Life Menopause Patches,1
Vaginal Hydration & Comfort Gel,1
Multi Support 30 Tablets,1
Canesmeno Support,1
Herbs (Shatavari,1
Gokshura),1
Evamist,1
Creative Thinking,1
Probiotic (Microflora),1
Nutrigig Fitmins,1
Iron Energy,1
Lion'S Mane Gummies,1
Combined Hormonal Birth Control Pills,1
Mirena Iud,1
Nutripact Meno Complete,1
Vitamin Injection,1
Eaas,1
Multi Collagen,1
Omega-3 Krill Oil,1
Fish Oil/Omega 3,1
Multivitamin Or B Complex,1
Adaptogens (E.G.,1
Ashwagandha),1
Effexor,1
Ritalin,1
Anastrozole,1
Trazodone,1
Latisse,1
Omega-3 Fatty Acids (Fish Oil – Epa & Dha),1
Omega-Three,1
Sleep Patches,1
Genistein,1
Voozah,1
Midi Health,1
Menopause Complete,1
Perimenofriend (Dr.Vegan Product),1
Health & Her Perimenopause Multinutrient Support,1
Her Meno Capsules,1
Her Zenergy Drops,1
Cortisol+,1
Menomize,1
Metopine,1
Vaginal Moisturisers,1
Pause Nutrition Omega-3 Vitamin D & K Supplement,1
Hormonal Balance Femitone,1
Licorice Root,1
Health & Her Perimenopause Multivitamin Supplement,1
Oral,1
Transdermal,1
Bio‑Kult,1
Yes Vm,1
Yes Wb,1
Superbalance Functional Drink,1
Bärbeldrexel,1
Pause Nutrition Chocolate-Flavored Protein Powder,1
Hemp Seed Mix,1
Flax Seed Mix,1
Chia Seed Mix,1
Bonafide Revere,1
Broc Elite Plus,1
Estrogen Pellets,1
Menopause Liquid Drops,1
Peri Multi,1
Health & Her Perimenopause Supplements,1
Revive Collagen Menopause Liquid Drink,1
Real Balance Tonic,1
Phytoestrogens (Soy,1
Red Clover),1
Collagen (Hydrolyzed),1
Green Energy,1
Organic Algae,1
Moon Balance Pills,1
Moon Balance Cream,1
Aquasource,1
Magnesium Aspartate,1
12-In-1 Complex Magnesium Formula,1
Soya Isoflavones 10,1
000Mg,1
Youn Beauty Supplemental Collagen,1
2.5% Minoxidil,1
Vaginal Probiotic Supplement,1
Healthy Aging Supplement,1
Vaginal Moisturizer,1
Issviva Post-Meno Plus Gummies,1
Key Peri + Menopause,1
Zalanic Acid,1
Denosumab,1
Key Peri + Menopause Supplement (Key For Her),1
Physician'S Choice Menopause Total Support (Probiotic Supplement),1
White,1
Blue,1
Orange,1
10 Supplements,1
Primrose,1
All Positive Menno,1
Earthful Women 40+,1
Nello Super Balance Drink Mix,1
Women'S Multivitamin,1
Women'S Complete Probiotic,1
Women'S Aligning Formula,1
Women'S Multi50+,1
Calcium Magnesium With Vitamin D3,1
Liquid B12,1
Magnesium Citrate Tablets,1
Meno Menopause Vitamins,1
Soy Products,1
Chinese Medicine Power Mushroom,1
Pass Through Drops,1
Schizandra Dreams,1
Total Hormone Balance,1
Menopause Relief Patch,1
Creatine Therapy,1
Ksm-66 Ashwagandha,1
Gigi,1
Health & Her Perimenopause Multi-Nutrient Support Supplement,1
Health & Her Perimenopause Multivitamin Support,1
Balance Tonic,1
Beets+ Gummies (Beet Supplement),1
Black Girl Vitamins D3 + K2 Drops,1
Protein Supplement (Code Doclyss),1
Fem Meno Menopause Supplement,1
Carbam Pentin,1
Revitaflus Women'S 30+ Supplement,1
Bioidentische Hormone,1
Nahrungsergänzungsmittel,1
Minocycline,1
Curcumicel 185X,1
Magnésio L‑Treonato (Magtein),1
Naked Creatine,1
Ancient Nutrition Multi Collagen Protein,1
Health4All Magnesium Gummies,1
Pendulum Akkermansia,1
Pendulum Gut Fuel,1
Kind Patches (Menopause Relief Patches),1
Kind Patches (Mood+ Patches),1
Kind Patches (Dream Patches),1
Phosphatidyl Serine,1
Cost Plus Drugs,1
Adrenal Support,1
Nutrafol Hair Vitamins,1
Gleefull Menopause Belly Flusher,1
Gleefull Hormone Support,1
Gleefull Metabolism + Energy,1
Hair Vitamins,1
Glp-1 Medications (Ozempic),1
Focus+ Supplement,1
Vitamin B12 (Complex B),1
Vitamin B Complex (B9,1
B12),1
Mq Motion Patches,1
Unspecified Supplement (Green Bottle),1
Unspecified Supplement (Orange Bottle),1
Issviva Menopause All-Stage,1
Systane Ultra,1
Manochill,1
Glp,1
Tudca,1
Essential Vitamins,1
Women Multivitamin 40+,1
Iron Supplements,1
Iv Iron,1
Hair Vitamin Mats,1
Seamoss,1
Estradiol Gel (Divigel),1
Evamist Spray,1
Revitaplus Women'S 30+ Daily Supplement Pack,1
Vagināi Dhea,1
Probiotics (Pill),1
Mushroom Gummy Supplements,1
Mary Ruth'S Women'S 40+ Multivitamin Gummies,1
Promensil Peri,1
Norethindrone,1
Levonorgestrel,1
Cortisol Soothe,1
Zoyaba,1
Cata-Kor Liposomal Glutathione Supplement,1
Benadryl,1
Unisom,1
Random Powder,1
Liver,1
Genesin,1
Menoslim Advanced,1
Mental Chill (Black Girl Vitamins),1
Estraval,1
Bone Broth Protein,1
Rosebud Hair,1
Laura Posada Supplements,1
Spirulina Oil,1
Cranberry Probiotics,1
Stress Supplement,1
Mood Supplement,1
Periessential 5,1
Menopause Multivitamin (Peach Perfect),1
Peach Collagen,1
Jointcare Essential,1
Relax,1
Active Iron,1
Ultimate One A Day,1
Chewy Vites Kids Brain Support,1
Evabiotic Menopause Vitamins,1
Reset Oil,1
Girlfriend Allowance Spray,1
Herbal Supplement,1
Evorel 50,1
Estradot 50,1
Soya Isoflavones Supplement,1
Menopause Support (A.Vogel),1
Dormeasan (Valerian And Hops),1
Herbal Remedies,1
Maryruth'S Daily Liquid Hair Formula,1
Maryruth’S Daily Liquid Hair Formula,1
Atomy Pomegranate Beauty,1
Perimenopause Drink,1
Activiser,1
Berry Shots,1
Metavise,1
Nutrition Drinks,1
The Pause Nutrition Sleep,1
Dk 10,1
Menopause Complex (Bärbel Drexel),1
Aquaphos,1
Liquid Chlorophyll,1
Vitamin E Mixed Tocopherols,1
Goli Three-In-One Gummies,1
Calcium D Glucarate,1
Systemic Hormone Replacement Therapy,1
Neucollagen,1
Systane,1
Pataday,1
Menopause Dark Fruits,1
N-Acetyl Cysteine (Nac),1
Mullein Leaf Tea,1
Systane Eye Drops,1
Pataday Eye Drops,1
Beam,1
Peach Perfect Inositol,1
Peach Perfect Hormone Balance,1
Peach Perfect Tiger Herb,1
Vitamin C Tablet,1
Dream Dream Dream,1
Curcumine,1
Iron (Non‑Ferrous Sulfate),1
Sleep Supplement (3-In-1),1
Estrog-100,1
Estrogenica,1
Vitamin K2 (Mk-7),1
Trimrx,1
Cialis,1
Hpn,1
Goli Pre+Post+Probiotic Gummies,1
Goli Apple Cider Vinegar+ B12 Gummies,1
Goli Ashwagandha+ Gummies,1
Clean Nutra,1
Minazitol,1
Mary Ruth'S Women'S 40 Multivitamin Gummies,1
Red Orange Complex (Roc),1
Oasis Menopause Support,1
Folic Acid (B9),1
Omega-9,1
Biologica Midlife Essentials,1
Arrae Clear Protein+,1
D-Chiro Inositol,1
Women'S Probiotic Gummies,1
Hormone Patches,1
Solgar Vitamin D3,1
Active Collagen,1
Dhea Cream,1
Parimeno Health,1
Suplementos De Gesta,1
My 4 Oils And Guu Sha,1
Shots,1
Wellguard Gold Standard Electrolytes,1
Snap Parameno Health,1
Snap Supplements Perimenopause Support Hormone Balance Support,1
Mia Vita Hot Flash Relief,1
Hormone Replacement Therapy (Mht),1
Borage,1
Chelated Magnesium,1
Iron + Vitamin C,1
Zinc + Selenium,1
Healthy Prostate,1
No2,1
Boost B,1
Healthy Hormone,1
Glow Supplements,1
Perimeno Supplement By Snap,1
Piping Rock Menopause Plus,1
Perimeno Health By Snap Supplements,1
O+Positive,1
Perimenal Health (Snap Supplements),1
Gnc Women'S Vitapak Program,1
Protein Shake,1
Totaria Menopause Support,1
Ginkgo Biloba,1
Multi Collagen Peptides,1
Hydrolyzed Fish Collagen,1
Baseline Vitamins,1
Cleanmarine Irl Menomin For Women,1
Menomin Cleanmarine One,1
She-Lajit Honey Sticks,1
Perimeno Health (Snap Supplements Perimenopause Support),1
Transdermal Estradiol Patches,1
Peri And Menopause Supplements,1
Keys Zen,1
Perimenopause Health (Snap Supplements),1
Matrix Reformed,1
Primal Queen Beef Organ Supplement,1
Estrogen Mist,1
Root Labs Liposomal Magnesium Glycinate + Ksm66 Ashwagandha,1
Mist,1
Transdermal Gel (Hormone Therapy),1
Smartypants Gummies,1
Wellgard Gold Standard Magnesium,1
Menachil,1
Steroids,1
Magblue,1
Pomegranate Seed Extract,1
Mezcla De Hierbas (Valeriana,1
Cola De Caballo,1
Enebro,1
Ortiga Verde,1
Caléndula,1
Salvia Y Fumaria),1
Extracto De Abedul,1
Holopai 7,1
Holopai 10,1
Gnc Women'S 40+ Vitapak Program,1
K2 (Mk-7),1
Berberine & Inositol,1
Menachil (Herbal Supplement),1
Magnesium Glycinate Supplement,1
L-Dopa,1
Mobilee,1
Gpx-4,1
Cerebiome,1
Dermal,1
Omnidiem Menopause Complete,1
Charcoal,1
Gaviscon,1
Semaine Peri Menopause Essentials,1
American Ginseng,1
Adaptogen Herbs,1
Beef Organs For Women Supplement (Optimal Carnivore),1
O Positiv Women 40 Plus,1
Dense Hair Experts Vitamins,1
Glynac,1
Selenomin,1
Lupulo,1
Melatonina,1
Digestive Enzyme With Hydrochloric Acid,1
Enzyme Energy,1
Happy Gut Cleanse,1
Opositiv Menopause Vitamin Capsules,1
45,1
000 Supplements,1
Synthetic Hormone Therapy,1
Vitamin K2 (Mk-7) 5500 Μg,1
Red Clover Leaf,1
Ashwagandha Root,1
Glucosamine Sulfate,1
Turmeric Root Extract,1
Probiotic Blend (5 Billion Cfu),1
D3/K2 Supplement (Vitamin D3 + Vitamin K2),1
O Nero,1
Gnc Women’S 50+ Vitamins,1
Vitamins A,1
C,1
E,1
K,1
Menalya,1
Promensil Menopause Double Strength,1
Promensil Weight Loss Support,1
Hot Flash Menopause Supplement (Zero Calorie Gummy),1
Women'S Daily Multivitamin,1
Menoplus (Pharma Plus Menoplus),1
B Vitamins (Including B6),1
Kind Menopause Relief Patches,1
Tyrosine,1
Revive Collagen (Vegetarian),1
Perimenopause Collagen,1
Menopause Collagen,1
Fem® Perimeno,1
Magnezium,1
Bone,1
Skin,1
Expensive Targeted Supplements,1
Women'S Health Supplement,1
Gopertidoks,1
Vitamin Estrogen,1
Vitaleedi Menopausi Kapslid,1
L-Tryptophan,1
Omega 3 Fish Oil,1
A Dose For Menno (Wild Dose Supplement),1
Lamberts Menopause Complex,1
Lamberts Sage 2500 Mg,1
Stem Cell Nutrition (Cerule),1
Blue Green Algae (Afa),1
Neuro-Mag (Magnesium L-Threonate),1
Snap Brahmi Healthy,1
The Inside Addition,1
Fitwhey Astaxanthin + Coq10,1
Earthfuls Women 40+ Multivitamin,1
Womanly,1
Thyroid Health,1
Be Friendly Menopause Support,1
Primemd Dim 200 Mg,1
Bioperine,1
Earthful Multivitamin Women 40+ With Shatavari,1
Menopause Relief Plus,1
Soursop Bitters (Serene Herbs),1
Adrenal Blend,1
Tea Polyphenols,1
Detox Tea,1
Instagram Ad Supplements,1
5 Supplements,1
Menoveda Akira + Amaya,1
Prebiotic Supplements,1
Womenli,1
Her Flora,1
Hormonal Balance Supplement (Mango Flavor),1
Potions,1
Nutrition,1
Calcium-Rich Food,1
Berry Breeze,1
O Positive Health,1
Meat Minno,1
Snap Healthy Perimenopause,1
Gleeful Over 30 Hormone Support,1
Primal Queen (Beef Organ Supplement),1
Multivitamins (Free Offer),1
Hormone Balance Multivitamin,1
O Positive Meno Healthy Aging Kit,1
Bioactive Collagen Peptides,1
Estrogen Face Cream,1
Estrogen Eye Cream,1
Weight Loss Management,1
Meno - Menopause Gummy Vitamin,1
Babe Balance,1
The Pause Life,1
Hiper Gx,1
Ginger Root,1
Balance Hormone,1
Daily Hormone Essentials,1
Balance & Burn System,1
Nature’S Craft Menopause Support,1
Femme Perimeno Paramino,1
Dietary Supplement,1
Perimenopause Support Capsules,1
Totaria Menopause Supplement,1
Chill Pill,1
Witamina C,1
Peptydy Sygnałowe,1
Miedź,1
Vitamin A Day,1
Perimenop,1
B. Drops,1
Shrink Am,1
Multivitamins With D3,1
Calcium With Magnesium,1
Doctor Rogers Super Vitamin,1
Peri-Meno Health,1
Pellet Implant,1
Gummy Menopause,1
200Mg/Day Oral Progesterone,1
Balance Tonic Cycle,1
Testosterone Injections,1
Black Girl Vitamins Menochill Dietary Supplement,1
Wild Dose Menopause Supplement,1
Pms Supplement,1
Bloating Supplement,1
Belly Supplement,1
Gomi Wellness Hormone Harmony,1
Shatavari Root,1
Milk Thistle Seed Extract,1
Black Cohosh Stem And Root Extract,1
Chaly Menopause Supplements,1
Stars And Honey Protein Bar,1
Flour,1
Tart,1
Coco,1
Psychiatric Medications,1
Menoveda,1
No Supplements Mentioned.,1
Apple Cider Vinegar+,1
Milk Thistle 3-In-1,1
B12 Dual Power,1
Biotin Growth+,1
Iron Energy+,1
Chaly,1
Black Girl Vitamin Menochill,1
Docteat Menopause,1
Paramena Health,1
Gnc Age-Based Vitapaks (Multivitamin Pack),1
Shakes,1
Permifeca,1
Dr. Christine Northrup'S Capsule Supplement,1
Doctor'S Best Menopause Spectrum,1
Perimeno Health (Snap),1
Mary Ruth Kids Multivitamin Gummies,1
Country Life Maxi-Hair Skin & Nails Gummies,1
Frankie Protein Iced Coffee,1
No Crap In It Tag Oil,1
Health Perimeno,1
Menopause Probiotic,1
Yuzhen Menopause Support,1
Chaste Berry Vitex Extract,1
Goli Nutrition Ashwagandha Gummies,1
Life Extension Estrogen Balance Elite,1
O Positive Meno Menopause Vitamins,1
Hairhr,1
Skinhr,1
Kerala Essence,1
Hormonal Tablets,1
Balance,1
Axio Brain Health Powder,1
Bcaa/Eaa Powders,1
Electrolyte Powders,1
Meno Healthy Aging Collagen & Protein Powder,1
Bio-Identical Progesterone,1
Omega 3 Fatty Acids (Epa + Dha),1
Vitamin E (Mixed Tocopherol),1
Vitamin B12 (Methylcobalamine),1
Estrogen Rings,1
Hormone Balance By Semaine Health,1
Iris Electrolyte For Women,1
Synthetic Pills,1
Blood Thinners,1
Melatonin Sleep Patches,1
One A Day Fruity Pebbles Plant,1
Byneeded Pyrro Multi,1
Glp-1 Weight Loss Drugs,1
Oral Contraceptives,1
Nexplanon,1
Ssri,1
Bonafide Vaginal Dryness Moisturizer,1
Compounded Estradiol And Testosterone,1
Nontoxic Bioidentical Progesterone Cream,1
Gleefull Over 30 Hormone Support,1
Creative Menopause Relief,1
Menopause Sleep Relief,1
Troscription,1
Womeness,1
Progest,1
Estrogen Spray (Eva Mist),1
Estrogen Ring (Femring),1
Oral Estradiol Pill,1
Vegan Protein,1
Chlorophyll Water,1
Glp-1 Support Supplement,1
Tirzepatide Injection,1
Pericalm,1
Paramino Health,1
Mushroom Supplements,1
Thyroid,1
D3+K2 Supplement,1
Nonhormonal Drugs,1
Beam Glow Hormone Balance Supplement For Women,1
Glow Heroes,1
Meno Menopause Passion Pack - Vaginal Moisture Support Capsules,1
Hormone Medication,1
D3K2,1
Low-Dose Oral Contraceptives,1
Non-Hormonal Medication (E.G.,1
Ssri/Snri),1
Vaginal Moisturizers And Lubricants,1
Womenli Meno Supplement,1
Cortisol Complex,1
Menowell Bars,1
Sea Buckthorn,1
Bacopa Monnieri,1
Hess,1
Woomeno,1
Menno,1
Multicollagen,1
Force Factor Ultimate Magnesium,1
Qunol Magnesium Glycinate,1
Slowmag Mg,1
Jinja Herbal,1
Sleepus,1
Cymbiotika Liposomal Glutathione,1
Cymbiotika Vitamin C Pack,1
Neurazenx (Alpha Lipoic Acid Supplement),1
Heart & Soil Her Package,1
Heme Iron,1
Nature'S Sunshine Lymphatic Drainage Tonic,1
Bloom Daily Hydration Packets,1
Nad,1
Femo Meno,1
Upsa Fem Perimeno,1
Glp-1S,1
Menopautonic,1
Peak Energy,1
Blood Pressure Treatments,1
Statins,1
Painkillers,1
Natural Body Identical Hormones,1
B Vitamin Complex (B12,1
Other B Vitamins),1
Magnesium (Citrate,1
Glycinate),1
Roundup,1
Gut Weight,1
Broad Relief,1
Amberin 12 Symptoms,1
Reverie,1
Intimate Dryness,1
Nutrofall Hair,1
Snap Supplement Perimenal Health Pills,1
Pumpkin Seed Oil 150 Softgels,1
Hair Vitamin 120 Capsules,1
Micro Ingredients 15-In-1 Advanced Testosterone+ Advanced,1
Health Perimenopause (Snap Supplements),1
Omega-6 Gummies,1
Blueberry Probiotic,1
Herbal And Nutrient Supplementation,1
Calcium + Magnesium,1
Calcium + Zinc,1
Calcium + Vitamin D + Magnesium,1
Calcium + Vitamin D + Zinc,1
Energy,1
Bloat,1
Menopausal Hormone Therapies,1
Gnc Women’S Vitapak Program 50+ (Multivitamin,1
Joint Support,1
Cardiovascular Health,1
Bone Health),1
Menopause Survival Supplements,1
Transdermal Estradiol,1
Synthetic Progesterone,1
Sage Drops,1
Flax Oil,1
Nettle,1
Bamboo Salt,1
Nufemme,1
Rexflavone Pagoda Tree Fruit Extract,1
Hormone Balance Capsules,1
Vitamin D2K3,1
Promensil Forte,1
Evabiorek (Meno Relief & Weight Management Supplement),1
Ashwagandha Extract,1
Psyllium,1
All-In-One Supplement,1
Menopause Support (40-1),1
Eva Biotic Meno Relief & Weight Management,1
Low Dose Antidepressant,1
Perimeno + Thyroid Health,1
Omega‑3 Fatty Acids,1
Ag1,1
Meno Stop,1
Estrogel Pro,1
Estrogel Cream,1
Hormonal Patches,1
Green Supplement,1
Tides,1
Hormone Replacement Therapy (Patches),1
Brain Fog Supplement,1
Soy Isoflavone,1
Lacais,1
Winona Hrt Cream,1
Dhea Capsules,1
Vitamina D3,1
Vitamina B6,1
Health Perimenopause,1
Minerva,1
Berberine 99% Berberine Hcl,1
Berberine Patches,1
Balancetonic,1
Magnesium Powder,1
Bioptimizers Magnesium Breakthrough,1
Soybeans,1
Menoplex,1
Phosphate,1
Silane,1
D3+K,1
Once A Day,1
Mary Ruth'S Hair Growth Max (Almond Cookie Flavored),1
Mary Ruth'S Liquid Hair Growth (Blueberry),1
Gnc Women'S 20+ Supplement,1
Vitamin B-12,1
Backtoher,1
Organixx Menopause Balance + Glow,1
Veosa,1
Sage Herbal Drops,1
Siberian Ginseng Drops,1
Passiflora Drops,1
Peri/Meno Drops,1
Black Girl Vitamins Dietary Supplement,1
Motorcyclist Powder,1
Meno Brain Health + Memory Support Capsules,1
Horse Urine Estrogen,1
Natural Tea (Moringa),1
Womanly Myo Inositol,1
Hair Helmet,1
Viviscal Hair Supplements,1
Hair Oil (Two Options),1
Shampoo Set,1
Antifrizz Spray,1
Gloss Coat/Heat Protectant,1
Bond Repair,1
Volumising Spray,1
Dyson Airwrap,1
Hair Gummies,1
Hormone Replacement Therapy (Patch),1
Blackgirlvitamins,1
Garden Of Life Multivitamin For Women,1
Garden Of Life Vitamin D3 5000 Iu,1
Pure Encapsulations Magnesium (Glycinate),1
Garden Of Life Coq10 200Mg,1
Garden Of Life Omega 3 6 9 Supplement,1
Nature'S Bounty Optimal Solutions Advanced Hair,1
Skin And Nails Pectin Gummies,1
Nbpure Mago7 - Natural Colon Cleanse & Detox,1
Now Foods Psyllium Husk Caps,1
Nordic Naturals Ultimate Omega,1
Pure Encapsulations Epa/Dha Essentials,1
Menovital (Maxfem),1
Menopause Support Drinks,1
Meno (Menopause Vitamin Capsules),1
High-Quality Multivitamin,1
Acetyl-L-Carnitine,1
Drosperinone,1
Yaz,1
Slind,1
Nateritimin,1
Bezigti,1
Magnesium Glycerinate,1
Solaray Black Cohosh,1
Nature'S Answer Blue Cohosh Extract,1
Nature'S Way Maca,1
Bluebonnet Maca,1
Symphony Femme Essence Macaharmony,1
Symphony Femme Essence Macalife,1
Symphony Femme Essence Macapause,1
Herb Pharm Chaste Tree,1
Nature'S Answer Chasteberry Vitex Agnus Castus,1
Solaray Dong Quai,1
Herb Pharm Dong Quai,1
Spermidine,1
Vitamin-Mineral Complexes,1
Little Green Bottle,1
Nature’S Oz-Mp-C,1
Unspecified Supplements,1
Thyroid Support Supplement,1
Yellow Bottle,1
Collagen Peptide Supplement,1
Collagen Supplements,1
Menopause Herbal Vitamins Capsule (Opositiv Health),1
Digestive/Pancreatic Enzymes,1
Vitamin‑Mineral Complexes With Phytoestrogens,1
Patchaid Menopause Relief Patch,1
Prenusil,1
Beef Organics For Women,1
Left Coast Performance,1
Estrone,1
Mood Support,1
Vaginal Treatments,1
Hormone Balance Women'S Metabolism Daily Pack,1
Grape Seed,1
Egcg,1
Citrus Polyphenols,1
Glp-1 Medicines,1
Thyroid Correction,1
Sleep Apnea Treatment,1
Nutrition Therapy,1
Bariatric Or Metabolic Options,1
Electrolyte Powder,1
De-Chiro-Inositol,1
Pcoi,1
Needed Perimenopause Multi,1
Lavender,1
Fatty Acid,1
Menopause Vitamin Kit,1
Combined Oral Hormone Therapy,1
Green Juices,1
Menopause-Specific Probiotics,1
B12 Injections,1
Branded Protein Powders,1
Skin Supplements,1
Menopause Fiber Blends,1
Creamag,1
가미소요산,1
경옥고,1
Menopause Tea,1
Fertility Package,1
Natural Folic Acid,1
M4 Face Cream,1
M4 Body Cream,1
Prescription Retinoid,1
Genopause,1
Healthy Aging,1
Vaginal Moisture,1
Brain Health,1
Micro Ingredients 15-In-1 Advanced Testosterone Formula,1
Haritaki,1
Asthisamharaka,1
Sibaktham,1
Floradix,1
Hormonal Harmony,1
Mary Ruth'S Liquid Morning Multivitamin + Hair Growth,1
S-Equol,1
Brainmd'S Quiet My Mind,1
Women'S 30 Daily Supplement Pack,1
Perimenopause Supplements,1
Thorne,1
Cutting Mix,1
Menopause Gummy,1
Kind Patch Menopause Patches,1
B-Complex Vitamins,1
Bioidentical Cream,1
Bioidentical Patch,1
Capsaicin,1
Gamma‑Linolenic Acid (Gla),1
Vernonodilin,1
Tannins,1
Triterpene Glycosides,1
Oligomeric Proanthocyanidins (Opcs),1
Asaya,1
Kumkumadi Face Oil,1
Hair Serum,1
Uti Capsules,1
Uro Feminine Moisture And Mood,1
Totaria Health Magnesium 12-In-1 Complex,1
Migraine Stick,1
Catechins,1
Tylenol,1
Hair Skin Nails,1
Anxiety Meds,1
Depressive Meds,1
Estragyn,1
Great Lakes Wellness Collagen (Bovine Collagen Peptides),1
Selerb Men'S Complex,1
Nitric Oxide Booster,1
Prostate Formula,1
Vitamin D With K2,1
Slynd,1
Nmn (P‑Nicotinamide Mononucleotide) By Hi Plus,1
Viviscal Professional,1
Calocyn,1
Targeted Supplementation,1
Curcumin Softgels,1
Biotin Tablets,1
Probiotic Tablets,1
Probiotic Suppositories,1
Systemic Hormone Therapy,1
Thorne Perimenopause Complex,1
Liquid Omega-3S,1
Leefar Cutting Mix,1
Shrooms Meno And Peri,1
Eva Biotic,1
Daily Thinning Defense Serum,1
Wild Yams,1
L-Arginine,1
Belly Welly Fiber Probiotic And Collagen,1
Menopause Blends,1
Adrenals Or Cortisol,1
Hormone Balancing Supplements,1
Detox Products,1
Collagen Products,1
Wild Yam Essence,1
Magnesium Nite-Nite Roll-On,1
Hair Lush Serum,1
Black Seed Gold,1
Pretty Face Cream,1
Other Supplements,1
Genesis Advanced Hydration,1
Indole Supplement,1
Ritual,1
Gut Health,1
Kopi Ratu,1
Low Dose Estrogen Patch,1
Omega-3 Fatty Acids (Epa + Dha),1
Sleep Powder,1
Immunity Powder,1
Pre-Workout,1
Body Tone Protein Peptides,1
Shuteye Patches,1
On Go! Patches,1
Sermorelin,1
Cjc-1295,1
Ipamorelin,1
Tesamorelin,1
Bridge Systems Phytoadapt,1
Bean Glow,1
Gummy,1
37 Supplements,1
Menoforce Sage Tablets From Avogel,1
Metagenics Her Wellness,1
Im8 Essentials Pro,1
Im8 Longevity,1
Beckham Stack,1
Synthetic Progestin,1
Non-Systemic Progesterone-Releasing Iud,1
Hormone Support,1
High Estrogen,1
Progesterone Pills,1
Microdosing Testosterone,1
All The Right Supplements,1
Santal De 11,1
Homeopathic Medicines,1
Clean Nutra Menno Defend Supplements,1
Wild Yam Root Capsules,1
Pumpkin Seed Oil With Saw Palmetto,1
Citrate,1
Topical Estrogen (Estradiol Cream),1
Bliss Oil,1
Good Morning Wood Smoothie,1
Very Hard Bundle,1
Ssris/Snris,1
Vitaliz,1
Wellness Hormone Harmony,1
Komi Wellness Gut,1
Magnesium (Various Forms),1
Aloe Berry Nectar,1
Unspecified Supplement Bottles,1
Pure Woman Pause Me Not Menopause Relief,1
Loaded Tea,1
Contraceptive Pills,1
Dhea (Intrarosa),1
Estrogen Pellet,1
Essential Fatty Acids,1
Adaptogenic Herbs,1
Proteins,1
Sleep Support,1
Water,1
Spirulina Powder,1
Protein Powders,1
Vaginal Tablets,1
Cranberry Supplement,1
Cranberry Juice,1
Women'S Probiotic + Slippery Elm,1
Fabuwellness Menopause Supplements,1
Topical Retinoids,1
Hair Growth Prescriptions,1
Calcium With Vitamin D,1
Nut Pod Creamers,1
Keto Chow,1
Broccoli Sprouts,1
Oestra,1
Paramenal Health,1
Tinctures,1
Muxer,1
Mia Vital Hot Flash Relief,1
Armicare,1
Liquid Retinol (Vitamin A),1
Lion’S Mane,1
Organic Silica,1
Serine,1
Biscuit Tea,1
Elecianina (Unspecified),1
Calmiga (Unspecified),1
Once A Day Supplement,1
Belly Wellie Drink Mix,1
Menosense,1
Peaum Glow Women'S Superpowder,1
One A Day Menopause Multivitamin Tablets,1
Vaginal Probiotic Capsules,1
Modo Prime Do Meno Que Papa,1
Berbamate (Yerba Mate Drink Stick),1
Targeted Plant Ingredients,1
35-In-1 Menopause Support,1
Nutritional Supplements,1
Moisture Support,1
Bacopa,1
Peppermint (Essential Oil),1
Rosemary (Essential Oil Or Herb),1
Gotu Kola,1
Hormone Regulators,1
Ambien,1
Thyroid And Adrenal Support,1
Biolabspro,1
Trt,1
Bioidentical Estrogen,1
Hormonal Supplementation,1
Antioxidant Supplements,1
Vimergy Vitamin C Powder,1
Skin Diva Labs Biobarrier (Peptides),1
Environ Skincare Vitamin A Supplement,1
Sea Moss Gel,1
Bpc-157,1
Carb Blocking Cherry Limeade,1
Hone,1
วิตามินเอ,1
แคลเซียม,1
แมกนีเซียม,1
Meno-Tee,1
Belly Well,1
Calming Herbal Tincture,1
Women'S Hormone Balance Supplement (Brand Women),1
Generic Bag Of Supplements,1
Nature'S Best Menosense,1
Love Wellness Comfy Suppository,1
Vitamin Fó,1
And Me,1
B-Vitamins,1
Salvora,1
Potassium Supplement,1
Swanson Full Spectrum Spearmint Leaf,1
Youth Factor Complete Vitality Complex (Capsule),1
Youth Factor Superfood & Antioxidant Boost Powder (Drink Powder),1
Liposomal Glutathione,1
Vitamin Yeux,1
Collagen Glow Up (Flavourless Collagen Supplement),1
Menopause Comfort Bitter,1
Hilmein,1
Trip Dream Drops,1
Timifuga,1
Coconut Milk Powder,1
Whey Protein Isolate,1
Cayenne,1
Red Raspberry Leaf,1
Creatină (Creatine),1
Magneziu (Magnesium),1
Colină (Choline),1
Bloom Clear Protein Mix,1
Menosupport,1
Maca Peruviana,1
Prozac,1
Hypochlorous Acid,1
Benzoyl Peroxide,1
Vaginal Dryness Moisturizer,1
Beet Root Capsules,1
Beet Root Gummies,1
Make Time For Menopause & Brain Health,1
Midlife Happy Saffron Plus,1
Dong Quai Extract,1
Hydroquinone,1
Copper Peptide,1
Thyros,1
Phytoplasmic Pollen Extract,1
Vitamin P,1
Vitamin N,1
Mrsb,1
Kettlercise,1
Juice Melts,1
Estrogen Support Supplement,1
Provana Capsule,1
Female Elite,1
One A Day Menopause Multivitamin,1
Nutrition Geeks Collagen Glow Up,1
Feno,1
Mönchspfeffer Crocus Kapseln,1
Mikronährstoff-Sortiment,1
Soya Bean,1
Kivocove Lymphatic Drainage Drops,1
Collagen Glow Up (Nutrition Geeks),1
Algae-Based Omega-3,1
Nubona,1
One A Day Menopause Multivitamins,1
Make Time For Menopause & Brain Health Gummies,1
Korean Ginseng,1
Elinzanetant,1
Upsa Fem Meno (Femno),1
Pumpkin Seed,1
Organixx Menopause Balance And Glow,1
Femoracare,1
Vitamina B12,1
Vitamina E,1
Megatrex,1
Hrt Cream,1
Fennel,1
Hormone Therapy (Progesterone),1
Blend Refresc,1
Morning Restore,1
Stella,1
Creatine Reserve (Triquetra Health),1
Mushroom Gummy,1
Red Light Therapy,1
Micro-Dosing,1
One A Day Menopause Multi,1
Fiber Lean,1
Menopause Support Liquid,1
Omega 3- Fatty Acid,1
Laranja Do Amor,1
Lo Loestrin Fe,1
Pharmaceuticals,1
Vaccine,1
Meno Menopause Support Capsules,1
Skin And Bone,1
Bioidentical Hormone Therapy,1
Gilliou Perfect Hormonal Balance,1
Expensive Supplement (Unspecified),1
Blue Packet,1
Oral Tirzepatide,1
Aspir Flower,1
Onatera,1
Neurokinin Receptor Blockers,1
Nerve Medications,1
Nasal Sprays,1
Ginseng Extract,1
Pharmizen Real Resveratrol,1
Concentrated Black Mulberry Powder,1
Longevity Powder,1
Ghee,1
Butyric Acid,1
Fibers,1
Sinetrol,1
Finasteride,1
Dutasteride,1
Kind Menopause Patches,1
Dagon Supplements,1
Cool Jelly Cutting Korean Cutting Jelly,1
Garcinia Cambogia,1
Femarelle Rejuvenate,1
Femarelle Unstoppable,1
Menopause Nail Renewal,1
Fungus Gone,1
Sepia,1
Lachesis,1
Sulphur,1
Belladonna,1
Bryonia,1
Nux Vomica,1
Calcarea Carbonica,1
Cherry Juice,1
Corti-Soothe Gummies,1
Myo-Inositol D-Chiro Inositol Berberine Vitamin D3+K2,1
Gnc Women'S Vitapak Program 50+,1
Sandraina Sachets (1 Mg) And Extra Roll Cream (Hrt Product),1
Complete Menopause Relief,1
Full Spectrum Vitamins And Minerals,1
Acupazlo Pharmacos,1
Gelpes De Última Generación De Deporte,1
Farmacos Para De La Zar,1
Dream Girl Sleep Gummies,1
Ashwaganda Gummies,1
Happy V Menopause Relief Am + Pm Capsules,1
Evertide Lymphatic Drainage Capsules,1
Purisaki Berberine Patches,1
Super B-Complex,1
Starflower Borage Oil,1
Eden Health Rx,1
St. John'S Herb,1
Coenzyme Q10 (Ubiquinol),1
Same,1
Alívio,1
Omega-3 Complex,1
Coconut Cult,1
Catakor Supplement (Unspecified),1
Provitalize Botanical Blend Capsules,1
Pill Bottle,1
Ace Aminolytes,1
Whey Isolated Protein,1
Folic Acids,1
Nutraceuticals,1
Pb2,1
Zepbound (Semaglutide),1
Govepti (Tirzepatide),1
Megafood Iron Blood Builder,1
Stronglife Menopause Relief 8-In-1 Natural Complex,1
Fermented Multivitamin,1
Hormone Replacement Therapy (Estrogen,1
Meno Eye Health & Vision Support Capsules,1
Kind Patches Menopause Relief Patches,1
Klimadinon,1
Karisalankanni,1
Amla,1
Triphala,1
Vitamin And Mineral Complex,1
Shilajit Resin,1
Organic Psyllium Husk,1
Collagen Co Beauty Greens,1
Vitamin D Magnesium Citrate,1
Cymbiotika'S Brain Complex,1
Arrae'S Tone,1
Posha Cooking Robot,1
Sleeping Pills,1
Synthetic Estrogen,1
Natural Estrogen,1
Myo‑Inositol,1
Slim Tea,1
Women'S Care Tablet,1
Slim Shake,1
Oligo Professional,1
B10 Menopause,1
Omega-3S (Fish Oil),1
Skin And Nail Gummies,1
Generic Hormone Balancing Blends,1
Fat Burners And Metabolism Boosters,1
Greens Powders,1
Nobona,1
She Mentions 'Estrogen Supplements' And Discusses 'Phytoestrogens' As An Alternative.,1
Aloevera,1
Zaitun,1
Dha,1
Meno Rescue,1
Anti Thrush Cream,1
Menosoothe,1
Pure Ease Menopause Tea,1
Ladywell Perimeno,1
Transdermal Estrogen,1
Pure Creatine Monohydrate Powder,1
Trans-Resveratrol,1
Grape Seed Extract,1
Tmg,1
Yū Total Hormone Balance,1
Menopause Support (Dietary Supplement),1
Devil'S Claw,1
Yuzucare Menopause Support Supplement For Women,1
Mb-1,1
Nello Super Hormone,1
Metabolic-Max,1
Revaree Plus,1
Practitioner-Grade Vitamins,1
Adaçayı,1
Qunol Menopause Relief Capsules,1
Menopause Support Tablets,1
Brainmd Menopause Essentials,1
Estrog,1
Ů Women,1
Snap Perimeno,1
Non-Hormonal Pharmaceuticals,1
Menopause Formula + Mega Multi For Women,1
Sri-81 Shatavari,1
Ksm-66 Ashwagandha Root,1
Salvora Rhodiola Rosea (Flora Viva),1
Femarelle,1
Stronglife Menopause Relief Capsules,1
Eye Health Capsules,1
Hormone Balance Herbal Tea,1
Glp-1 Injections,1
Fiber Matrix Drink,1
Super Focus,1
Collagen Powders,1
Hormone Support Blends,1
Nutrifactor Magnilax,1
Kal Magnesium Malate 400,1
Herbiotics Magnesium Glycinate 500 Mg,1
Now Magnesium Glycinate,1
Raw Manuka Honey,1
Xanax,1
Adaptogen,1
Ginkgo,1
Snap Perimenohealth,1
Tribulus,1
Ground Flax Seeds,1
Lmnt,1
Stimulants,1
Sleep Medicine,1
Estrogel 1% (Estradiol),1
Antibiotic Cream,1
Vitamin P Complex,1
Menopause Mood Relief Tablets,1
Gingko Biloba,1
Yu Nutrition Trim Fit,1
Yu Nutrition Protect Probiotic,1
Yu Nutrition Collagen Peptides,1
Yu Nutrition Colostrum,1
Mixed Berry Drink Mix,1
Aya Meno Support,1
Estrogen Patches (Vivella Dot,1
Climara,1
Generic),1
Bone Broth,1
Estrogen Pills,1
Omega-3 Vitamins,1
Estrogen Patch (Vivelle Dot),1
Climara Patch,1
Generic Estrogen Patch,1
Bio-Identical Estrogen,1
General Health Foods,1
Peri Menochill,1
Vitamins B5 And B6,1
Magnesium Capsules,1
Komi Cut Hormone Harmony,1
Komi Hormone Harmony,1
Komi Stress Harmony,1
O Positivo 40 Plus (Women 40 Plus) Supplement,1
Plasmon,1
Virgin Rejuvenation Gel,1
Plan B,1
Magtime Gummies,1
Climafort Supplement,1
Adrenal Blends,1
Black Girl Vitamins Peri Meno-Chill,1
Life Md,1
Gut Metabolic Reset,1
Blueprint Program,1
Hrt Pellets,1
Astragalus,1
Microdosing Protocol,1
Synthetic B Vitamins,1
Pepcid Ac,1
Jumbofoam,1
Blood Orange Supplement,1
Selenium Supplement,1
